{"_runtime":330,"_step":520,"val_loss":5.045672709291631,"_timestamp":1.770779336497428e+09,"train_loss":4.924363040924073,"_wandb":{"runtime":330}}