{"_step":516,"train_loss":9.314928674697876,"_wandb":{"runtime":240},"_runtime":240,"val_loss":9.160249435560115,"_timestamp":1.770778040905656e+09}