{"_wandb":{"runtime":158},"_runtime":158,"_step":459,"val_loss":5.150454686121507,"_timestamp":1.770780265997191e+09,"train_loss":5.065095329284668}