{"val_loss":15.479639666297219,"_timestamp":1.7707790012475462e+09,"_step":241,"train_loss":15.639721488952636,"_wandb":{"runtime":145},"_runtime":145}