{"_runtime":164,"val_loss":92.25201535549735,"_timestamp":1.770778420650437e+09,"_step":195,"train_loss":94.7464412689209,"_wandb":{"runtime":164}}