{"_runtime":124,"_timestamp":1.770778574410403e+09,"_step":208,"val_loss":44.202985180941496,"train_loss":46.4687421798706,"_wandb":{"runtime":124}}