{"_runtime":432,"val_loss":5.075596707803457,"_timestamp":1.770781059959869e+09,"_step":740,"train_loss":4.93203911781311,"_wandb":{"runtime":432}}