{"_timestamp":1.770778240341627e+09,"train_loss":42.54346103668213,"_wandb":{"runtime":179},"_runtime":179,"_step":256,"val_loss":41.92778845945019}