{"_runtime":67,"_timestamp":1.77077867293365e+09,"_step":204,"val_loss":34.1982003844868,"train_loss":36.51914291381836,"_wandb":{"runtime":67}}