{"_wandb":{"runtime":78},"_runtime":78,"_timestamp":1.770780075928776e+09,"_step":130,"val_loss":23.15100481033325,"train_loss":24.76217622756958}