{"_runtime":155,"val_loss":19.36838521513828,"_timestamp":1.770777750095118e+09,"_step":89,"train_loss":18.331994438171385,"_wandb":{"runtime":155}}