{"_wandb":{"runtime":304},"_runtime":304,"_timestamp":1.7707806012587001e+09,"_step":867,"val_loss":5.134744915095243,"train_loss":5.103814888000488}