{"train_loss":9.141993999481201,"_wandb":{"runtime":145},"_runtime":145,"val_loss":11.356156184456566,"_timestamp":1.770778833433915e+09,"_step":459}