{"_step":45,"val_loss":11.010691958804463,"_timestamp":1.7707774245927098e+09,"train_loss":11.275738143920899,"_wandb":{"runtime":69},"_runtime":69}