{"_runtime":146,"val_loss":74.98643152103868,"_timestamp":1.770777584495871e+09,"_step":89,"train_loss":66.22455291748047,"_wandb":{"runtime":146}}